SET session_replication_role = 'replica';

TRUNCATE TABLE "event_participants" CASCADE;
TRUNCATE TABLE "participant" CASCADE;
TRUNCATE TABLE "event" CASCADE;
TRUNCATE TABLE "organizer" CASCADE;
TRUNCATE TABLE "location" CASCADE;

INSERT INTO "event" ("date", "location_id", "max_participant", "organizer_id", "id", "title") VALUES
('2024-06-14', '3', '654', '2', 'ce776986-2d43-4fca-9c70-27904a999bf5', 'Beatae'),
('2025-02-07', '1', '156', '3', '6dc6d6c0-2928-4f30-bfa0-90d1d6919818', 'A Graecis'),
('2024-10-16', '4', '485', '1', '2ba1c6cc-6422-461f-81b6-6419a2f87fbb', 'Indocti qui'),
('2024-07-16', '2', '722', '4', '5ad97071-d949-4563-8194-7ebf609012c4', 'Ante Aristippus'),
('2025-03-07', '1', '792', '3', 'd4ca85e6-ca0f-44cb-bb8b-9c3580a0f919', 'Sine'),
('2024-12-18', '3', '540', '1', 'bb4d9b0d-4486-4d18-9550-9fbe55a3ad46', 'Et animo'),
('2025-02-06', '2', '730', '4', '92586672-2da0-43f7-93ac-57bc8e4885f4', 'Ulla'),
('2024-12-22', '4', '950', '2', 'f524644c-01d8-4924-8ac7-568cb586c736', 'Optimi'),
('2024-08-12', '2', '532', '4', '41a1f4ca-317a-4b1c-86da-617eb16d39a9', 'Ad'),
('2024-08-26', '4', '513', '1', 'ea4b7901-cf0e-41b3-b538-830dc0e79422', 'An');


-- fabricate-flush


INSERT INTO "event_participants" ("participant_id", "event_id") VALUES
('84', '5ad97071-d949-4563-8194-7ebf609012c4'),
('23', '2ba1c6cc-6422-461f-81b6-6419a2f87fbb'),
('74', 'bb4d9b0d-4486-4d18-9550-9fbe55a3ad46'),
('61', 'f524644c-01d8-4924-8ac7-568cb586c736'),
('17', '6dc6d6c0-2928-4f30-bfa0-90d1d6919818'),
('28', 'd4ca85e6-ca0f-44cb-bb8b-9c3580a0f919'),
('31', 'ea4b7901-cf0e-41b3-b538-830dc0e79422'),
('71', '41a1f4ca-317a-4b1c-86da-617eb16d39a9'),
('92', 'ce776986-2d43-4fca-9c70-27904a999bf5'),
('43', '92586672-2da0-43f7-93ac-57bc8e4885f4'),
('60', 'ea4b7901-cf0e-41b3-b538-830dc0e79422'),
('85', '41a1f4ca-317a-4b1c-86da-617eb16d39a9'),
('3', 'ce776986-2d43-4fca-9c70-27904a999bf5'),
('11', '92586672-2da0-43f7-93ac-57bc8e4885f4'),
('93', '5ad97071-d949-4563-8194-7ebf609012c4'),
('75', '2ba1c6cc-6422-461f-81b6-6419a2f87fbb'),
('62', 'bb4d9b0d-4486-4d18-9550-9fbe55a3ad46'),
('44', 'f524644c-01d8-4924-8ac7-568cb586c736'),
('26', '6dc6d6c0-2928-4f30-bfa0-90d1d6919818'),
('83', 'd4ca85e6-ca0f-44cb-bb8b-9c3580a0f919'),
('32', 'd4ca85e6-ca0f-44cb-bb8b-9c3580a0f919'),
('67', '5ad97071-d949-4563-8194-7ebf609012c4'),
('57', '41a1f4ca-317a-4b1c-86da-617eb16d39a9'),
('46', 'bb4d9b0d-4486-4d18-9550-9fbe55a3ad46'),
('10', 'f524644c-01d8-4924-8ac7-568cb586c736'),
('77', '92586672-2da0-43f7-93ac-57bc8e4885f4'),
('66', 'ea4b7901-cf0e-41b3-b538-830dc0e79422'),
('97', '2ba1c6cc-6422-461f-81b6-6419a2f87fbb'),
('88', 'ce776986-2d43-4fca-9c70-27904a999bf5'),
('20', '6dc6d6c0-2928-4f30-bfa0-90d1d6919818'),
('98', '6dc6d6c0-2928-4f30-bfa0-90d1d6919818'),
('47', 'bb4d9b0d-4486-4d18-9550-9fbe55a3ad46'),
('6', 'd4ca85e6-ca0f-44cb-bb8b-9c3580a0f919'),
('7', 'f524644c-01d8-4924-8ac7-568cb586c736'),
('90', 'ea4b7901-cf0e-41b3-b538-830dc0e79422'),
('54', '41a1f4ca-317a-4b1c-86da-617eb16d39a9'),
('86', '92586672-2da0-43f7-93ac-57bc8e4885f4'),
('40', '2ba1c6cc-6422-461f-81b6-6419a2f87fbb'),
('55', 'ce776986-2d43-4fca-9c70-27904a999bf5'),
('68', '5ad97071-d949-4563-8194-7ebf609012c4'),
('95', '2ba1c6cc-6422-461f-81b6-6419a2f87fbb'),
('5', 'bb4d9b0d-4486-4d18-9550-9fbe55a3ad46'),
('82', 'f524644c-01d8-4924-8ac7-568cb586c736'),
('16', '6dc6d6c0-2928-4f30-bfa0-90d1d6919818'),
('18', 'd4ca85e6-ca0f-44cb-bb8b-9c3580a0f919'),
('14', 'ea4b7901-cf0e-41b3-b538-830dc0e79422'),
('48', '41a1f4ca-317a-4b1c-86da-617eb16d39a9'),
('87', 'ce776986-2d43-4fca-9c70-27904a999bf5'),
('4', '92586672-2da0-43f7-93ac-57bc8e4885f4'),
('19', '5ad97071-d949-4563-8194-7ebf609012c4'),
('24', '92586672-2da0-43f7-93ac-57bc8e4885f4'),
('22', '6dc6d6c0-2928-4f30-bfa0-90d1d6919818'),
('21', '41a1f4ca-317a-4b1c-86da-617eb16d39a9'),
('42', 'ce776986-2d43-4fca-9c70-27904a999bf5'),
('99', 'ea4b7901-cf0e-41b3-b538-830dc0e79422'),
('96', 'bb4d9b0d-4486-4d18-9550-9fbe55a3ad46'),
('65', '5ad97071-d949-4563-8194-7ebf609012c4'),
('69', '2ba1c6cc-6422-461f-81b6-6419a2f87fbb'),
('52', 'd4ca85e6-ca0f-44cb-bb8b-9c3580a0f919'),
('73', 'f524644c-01d8-4924-8ac7-568cb586c736'),
('50', 'ce776986-2d43-4fca-9c70-27904a999bf5'),
('72', 'f524644c-01d8-4924-8ac7-568cb586c736'),
('1', '5ad97071-d949-4563-8194-7ebf609012c4'),
('27', 'd4ca85e6-ca0f-44cb-bb8b-9c3580a0f919'),
('2', 'ea4b7901-cf0e-41b3-b538-830dc0e79422'),
('58', 'bb4d9b0d-4486-4d18-9550-9fbe55a3ad46'),
('81', '92586672-2da0-43f7-93ac-57bc8e4885f4'),
('9', '6dc6d6c0-2928-4f30-bfa0-90d1d6919818'),
('38', '2ba1c6cc-6422-461f-81b6-6419a2f87fbb'),
('78', '41a1f4ca-317a-4b1c-86da-617eb16d39a9'),
('51', '41a1f4ca-317a-4b1c-86da-617eb16d39a9'),
('89', 'ce776986-2d43-4fca-9c70-27904a999bf5'),
('76', 'ea4b7901-cf0e-41b3-b538-830dc0e79422'),
('15', 'bb4d9b0d-4486-4d18-9550-9fbe55a3ad46'),
('79', '5ad97071-d949-4563-8194-7ebf609012c4'),
('70', '2ba1c6cc-6422-461f-81b6-6419a2f87fbb'),
('39', 'd4ca85e6-ca0f-44cb-bb8b-9c3580a0f919'),
('59', 'f524644c-01d8-4924-8ac7-568cb586c736'),
('37', '92586672-2da0-43f7-93ac-57bc8e4885f4'),
('63', '6dc6d6c0-2928-4f30-bfa0-90d1d6919818'),
('41', 'd4ca85e6-ca0f-44cb-bb8b-9c3580a0f919'),
('91', 'ea4b7901-cf0e-41b3-b538-830dc0e79422'),
('33', 'bb4d9b0d-4486-4d18-9550-9fbe55a3ad46'),
('80', '92586672-2da0-43f7-93ac-57bc8e4885f4'),
('35', '6dc6d6c0-2928-4f30-bfa0-90d1d6919818'),
('8', '2ba1c6cc-6422-461f-81b6-6419a2f87fbb'),
('30', '41a1f4ca-317a-4b1c-86da-617eb16d39a9'),
('53', 'ce776986-2d43-4fca-9c70-27904a999bf5'),
('45', 'f524644c-01d8-4924-8ac7-568cb586c736'),
('12', '5ad97071-d949-4563-8194-7ebf609012c4'),
('25', 'ce776986-2d43-4fca-9c70-27904a999bf5'),
('36', '92586672-2da0-43f7-93ac-57bc8e4885f4'),
('29', '5ad97071-d949-4563-8194-7ebf609012c4'),
('56', '2ba1c6cc-6422-461f-81b6-6419a2f87fbb'),
('64', 'bb4d9b0d-4486-4d18-9550-9fbe55a3ad46'),
('94', 'f524644c-01d8-4924-8ac7-568cb586c736'),
('100', '6dc6d6c0-2928-4f30-bfa0-90d1d6919818'),
('13', 'd4ca85e6-ca0f-44cb-bb8b-9c3580a0f919'),
('49', 'ea4b7901-cf0e-41b3-b538-830dc0e79422'),
('34', '41a1f4ca-317a-4b1c-86da-617eb16d39a9');


-- fabricate-flush


INSERT INTO "location" ("capacity", "id", "address", "name") VALUES
('462', '1', '7292 Justice Lane, Idaho Falls, Idaho, United States, 83405', 'Boston'),
('145', '2', '5467 Roz Way, Newark, New Jersey, United States, 07195', 'Jacksonville'),
('721', '3', '8964 Cedar Grove Loop, Long Beach, California, United States, 90805', 'Oklahoma City'),
('353', '4', '1171 Herrera Court, Knoxville, Tennessee, United States, 37931', 'Sacramento');


-- fabricate-flush


INSERT INTO "organizer" ("id", "phone", "email", "name") VALUES
('1', '2734913052', 'sonnie.cholwell@gmail.com', 'Sonnie Cholwell'),
('2', '6585091806', 'heinrik.coughlan@gmail.com', 'Heinrik Coughlan'),
('3', '6400386604', 'maryellen.vasin@gmail.com', 'Maryellen Vasin'),
('4', '0196790275', 'robbi.corneille@gmail.com', 'Robbi Corneille');


-- fabricate-flush


INSERT INTO "participant" ("id", "email", "first_name", "last_name") VALUES
('1', 'sonnie.cholwell@gmail.com', 'Sonnie', 'Cholwell'),
('2', 'heinrik.coughlan@gmail.com', 'Heinrik', 'Coughlan'),
('3', 'maryellen.vasin@gmail.com', 'Maryellen', 'Vasin'),
('4', 'robbi.corneille@gmail.com', 'Robbi', 'Corneille'),
('5', 'ward.serraillier@sbcglobal.net', 'Ward', 'Serraillier'),
('6', 'tarrah.thirwell@gmail.com', 'Tarrah', 'Thirwell'),
('7', 'guillaume.mcgennis@yahoo.ca', 'Guillaume', 'McGennis'),
('8', 'sophey.berthod@gmail.com', 'Sophey', 'Berthod'),
('9', 'stevie.hucklesby@gmail.com', 'Stevie', 'Hucklesby'),
('10', 'christie.cogin@yahoo.com', 'Christie', 'Cogin'),
('11', 'tabbitha.coast@hotmail.com', 'Tabbitha', 'Coast'),
('12', 'shena.beyn@yahoo.com', 'Shena', 'Beyn'),
('13', 'jennilee.vasyatkin@yahoo.in', 'Jennilee', 'Vasyatkin'),
('14', 'alric.gosse@neuf.fr', 'Alric', 'Gosse'),
('15', 'atlante.loache@gmail.com', 'Atlante', 'Loache'),
('16', 'amery.gurley@gmail.com', 'Amery', 'Gurley'),
('17', 'benedict.bigg@gmail.com', 'Benedict', 'Bigg'),
('18', 'booth.vye@gmail.com', 'Booth', 'Vye'),
('19', 'bobbie.ganny@yahoo.com', 'Bobbie', 'Ganny'),
('20', 'rheta.ullyott@gmail.com', 'Rheta', 'Ullyott'),
('21', 'benedetta.peinton@hotmail.it', 'Benedetta', 'Peinton'),
('22', 'angeli.ateggart@gmail.com', 'Angeli', 'Ateggart'),
('23', 'humfrid.conyer@hotmail.com', 'Humfrid', 'Conyer'),
('24', 'chrystel.callinan@optusnet.com.au', 'Chrystel', 'Callinan'),
('25', 'jillene.ballintime@yahoo.co.uk', 'Jillene', 'Ballintime'),
('26', 'johnnie.downes@yahoo.com', 'Johnnie', 'Downes'),
('27', 'gil.gratrix@yahoo.com', 'Gil', 'Gratrix'),
('28', 'debbie.bartod@outlook.com', 'Debbie', 'Bartod'),
('29', 'peg.tenbroek@yahoo.com', 'Peg', 'Ten Broek'),
('30', 'stevena.kenway@gmx.de', 'Stevena', 'Kenway'),
('31', 'brittany.anfosso@yahoo.com', 'Brittany', 'Anfosso'),
('32', 'paulie.cready@live.com', 'Paulie', 'Cready'),
('33', 'alene.lidgard@yahoo.fr', 'Alene', 'Lidgard'),
('34', 'tally.pepper@hotmail.es', 'Tally', 'Pepper'),
('35', 'timothea.yegorshin@free.fr', 'Timothea', 'Yegorshin'),
('36', 'salvidor.davidde@gmail.com', 'Salvidor', 'Davidde'),
('37', 'ingamar.schoales@gmail.com', 'Ingamar', 'Schoales'),
('38', 'verine.shills@yahoo.com', 'Verine', 'Shills'),
('39', 'brockie.dovermann@gmail.com', 'Brockie', 'Dovermann'),
('40', 'meredith.dilliston@hotmail.com', 'Meredith', 'Dilliston'),
('41', 'maximo.streets@free.fr', 'Maximo', 'Streets'),
('42', 'carey.grayer@gmail.com', 'Carey', 'Grayer'),
('43', 'colette.leguey@gmail.com', 'Colette', 'Leguey'),
('44', 'carl.dimmer@hotmail.com', 'Carl', 'Dimmer'),
('45', 'nestor.korba@yandex.ru', 'Nestor', 'Korba'),
('46', 'niki.sherlock@hotmail.com', 'Niki', 'Sherlock'),
('47', 'norina.strafen@uol.com.br', 'Norina', 'Strafen'),
('48', 'brendan.rand@gmail.com', 'Brendan', 'Rand'),
('49', 'violet.hurdis@gmail.com', 'Violet', 'Hurdis'),
('50', 'harp.wagerfield@hotmail.com', 'Harp', 'Wagerfield'),
('51', 'hulda.westney@neuf.fr', 'Hulda', 'Westney'),
('52', 'shell.gerrett@yahoo.com', 'Shell', 'Gerrett'),
('53', 'melessa.wipper@hotmail.com', 'Melessa', 'Wipper'),
('54', 'onida.beaufoy@yahoo.com', 'Onida', 'Beaufoy'),
('55', 'allyn.sandercock@gmail.com', 'Allyn', 'Sandercock'),
('56', 'langsdon.conman@hotmail.com', 'Langsdon', 'Conman'),
('57', 'lona.durnall@orange.fr', 'Lona', 'Durnall'),
('58', 'chris.laffan@wanadoo.fr', 'Chris', 'Laffan'),
('59', 'laughton.loads@cox.net', 'Laughton', 'Loads'),
('60', 'reena.skepper@hotmail.com', 'Reena', 'Skepper'),
('61', 'valida.sellek@hotmail.fr', 'Valida', 'Sellek'),
('62', 'candie.crutchley@freenet.de', 'Candie', 'Crutchley'),
('63', 'garald.bengtsson@gmail.com', 'Garald', 'Bengtsson'),
('64', 'brandyn.jerzyk@aol.com', 'Brandyn', 'Jerzyk'),
('65', 'elia.jamblin@gmail.com', 'Elia', 'Jamblin'),
('66', 'tymothy.engledow@rocketmail.com', 'Tymothy', 'Engledow'),
('67', 'siusan.tomlinson@aol.com', 'Siusan', 'Tomlinson'),
('68', 'gretel.struijs@hotmail.com', 'Gretel', 'Struijs'),
('69', 'alonzo.bawles@yahoo.com', 'Alonzo', 'Bawles'),
('70', 'fredra.woodfield@yahoo.com', 'Fredra', 'Woodfield'),
('71', 'richmond.constantine@hotmail.com', 'Richmond', 'Constantine'),
('72', 'mace.jedraszczyk@yahoo.com', 'Mace', 'Jedraszczyk'),
('73', 'leroi.ucceli@hotmail.com', 'Leroi', 'Ucceli'),
('74', 'emylee.sheryn@gmail.com', 'Emylee', 'Sheryn'),
('75', 'althea.dunbar@free.fr', 'Althea', 'Dunbar'),
('76', 'denny.stepto@yahoo.com', 'Denny', 'Stepto'),
('77', 'halsy.lehr@yahoo.com', 'Halsy', 'Lehr'),
('78', 'mozelle.vynarde@gmail.com', 'Mozelle', 'Vynarde'),
('79', 'demott.iltchev@aol.com', 'Demott', 'Iltchev'),
('80', 'stormi.tong@alice.it', 'Stormi', 'Tong'),
('81', 'sibley.alliban@hotmail.com', 'Sibley', 'Alliban'),
('82', 'tawsha.dinley@hotmail.com', 'Tawsha', 'Dinley'),
('83', 'betsy.joynt@yahoo.com', 'Betsy', 'Joynt'),
('84', 'nolana.stoffersen@hotmail.com', 'Nolana', 'Stoffersen'),
('85', 'tucky.rosenblatt@aol.com', 'Tucky', 'Rosenblatt'),
('86', 'estrellita.ridger@yahoo.co.in', 'Estrellita', 'Ridger'),
('87', 'byran.dishmon@yahoo.com', 'Byran', 'Dishmon'),
('88', 'gypsy.wilshire@hotmail.com', 'Gypsy', 'Wilshire'),
('89', 'cindy.lassells@gmail.com', 'Cindy', 'Lassells'),
('90', 'livvie.han@comcast.net', 'Livvie', 'Han'),
('91', 'lura.labon@aol.com', 'Lura', 'Labon'),
('92', 'osbourn.ascraft@rediffmail.com', 'Osbourn', 'Ascraft'),
('93', 'janeva.bugdall@yahoo.com', 'Janeva', 'Bugdall'),
('94', 'flynn.varney@hotmail.com', 'Flynn', 'Varney'),
('95', 'miguelita.stoddard@yahoo.com', 'Miguelita', 'Stoddard'),
('96', 'leif.morrice@hotmail.com', 'Leif', 'Morrice'),
('97', 'alfi.futcher@gmail.com', 'Alfi', 'Futcher'),
('98', 'carlotta.dominguez@gmail.com', 'Carlotta', 'Dominguez'),
('99', 'richart.ingilson@yahoo.com', 'Richart', 'Ingilson'),
('100', 'holly.philippault@yahoo.com', 'Holly', 'Philippault');


-- fabricate-flush


SET session_replication_role = 'origin';
